,mean_fit_time,std_fit_time,mean_score_time,std_score_time,param_batch_norm,param_batch_size,param_dropout,param_epochs,param_layer_size,param_n_layers,params,split0_test_accuracy,split1_test_accuracy,split2_test_accuracy,mean_test_accuracy,std_test_accuracy,rank_test_accuracy,split0_test_f1_macro,split1_test_f1_macro,split2_test_f1_macro,mean_test_f1_macro,std_test_f1_macro,rank_test_f1_macro,split0_test_roc_auc_ovr,split1_test_roc_auc_ovr,split2_test_roc_auc_ovr,mean_test_roc_auc_ovr,std_test_roc_auc_ovr,rank_test_roc_auc_ovr
0,71.37311156590779,1.5879818044190341,2.600286324818929,0.02499191647429581,0,512,0.2,20,16,2,"{'batch_norm': 0, 'batch_size': 512, 'dropout': 0.2, 'epochs': 20, 'layer_size': 16, 'n_layers': 2}",0.7384269926897811,0.7394423786782811,0.73496496229663,0.7376114445548975,0.0019167078431351356,40,0.7413826398840954,0.7423796342989079,0.737917012622036,0.7405597622683464,0.0019125190605755382,40,0.9249724736780692,0.9251777542105835,0.9248784452354121,0.9250095577080216,0.00012497435633672182,36
1,95.08207774162292,0.6014924573662122,2.84566322962443,0.09294069856667916,0,512,0.2,20,16,3,"{'batch_norm': 0, 'batch_size': 512, 'dropout': 0.2, 'epochs': 20, 'layer_size': 16, 'n_layers': 3}",0.7315821337887537,0.7319242950667094,0.7314453786827992,0.7316506025127542,0.00020142194570781763,44,0.7345450008649258,0.734729200143344,0.7347918743449504,0.7346886917844068,0.00010477698265906535,44,0.9200110129082549,0.9206052563063245,0.920324989125373,0.9203137527799842,0.00024272892374085505,42
2,142.2629715601603,0.05991646330166661,3.283071835835775,0.059310080665187496,0,512,0.2,20,16,5,"{'batch_norm': 0, 'batch_size': 512, 'dropout': 0.2, 'epochs': 20, 'layer_size': 16, 'n_layers': 5}",0.7226905943054388,0.7256938639967832,0.7296923639945241,0.7260256074322488,0.002868069615029035,46,0.7268818380621921,0.7304157201189457,0.7321824465635624,0.7298266682482334,0.0022036861847053693,46,0.9134706848094283,0.9134832203915236,0.9138925468270298,0.9136154840093272,0.0001959798270563949,46
3,189.63006377220154,0.40444149009269015,3.660637060801188,0.030421624637241754,0,512,0.2,20,16,7,"{'batch_norm': 0, 'batch_size': 512, 'dropout': 0.2, 'epochs': 20, 'layer_size': 16, 'n_layers': 7}",0.5688506962328427,0.39839066022689795,0.6807389770165316,0.5493267778254242,0.11609200529743492,56,0.5395045285138925,0.3083896643010262,0.6838078257557811,0.5105673395235666,0.15462367146831796,56,0.8574238644507683,0.7602469137168716,0.883787261445851,0.8338193465378304,0.053125225199058025,57
4,72.39395515124004,0.9393667309862155,2.6124563217163086,0.015107577563797936,0,512,0.2,20,32,2,"{'batch_norm': 0, 'batch_size': 512, 'dropout': 0.2, 'epochs': 20, 'layer_size': 32, 'n_layers': 2}",0.7493019599338556,0.7500463103107083,0.7501005272598302,0.7498162658347981,0.00036434213700969295,22,0.7525991472071304,0.7535454786985845,0.7534041974726383,0.7531829411261177,0.00041681458794540774,22,0.9314905892502849,0.9321710849488472,0.9313450555885355,0.9316689099292225,0.00036002761415089736,22
5,96.80154458681743,0.45358300312614064,2.8603320916493735,0.008381412419234185,0,512,0.2,20,32,3,"{'batch_norm': 0, 'batch_size': 512, 'dropout': 0.2, 'epochs': 20, 'layer_size': 32, 'n_layers': 3}",0.7482808786720522,0.7489529351700831,0.7472044385609015,0.7481460841343456,0.000720156128269684,28,0.7517009895476756,0.7521946122803852,0.7503196197610028,0.7514050738630211,0.0007935463885845384,26,0.9296888567631573,0.9292085939692912,0.9288050341694067,0.9292341616339517,0.0003612717106861278,27
6,146.6405681769053,0.25838811906600195,3.3725877602895102,0.02459414179640759,0,512,0.2,20,32,5,"{'batch_norm': 0, 'batch_size': 512, 'dropout': 0.2, 'epochs': 20, 'layer_size': 32, 'n_layers': 5}",0.7422311980988009,0.7439830481672413,0.7438881685062779,0.7433674715907733,0.0008043998275880821,33,0.7444846171433406,0.7461334138049892,0.7466398349986972,0.7457526219823424,0.0009201423115142152,34,0.9248634597593112,0.9258171685814673,0.9248364954511352,0.9251723745973046,0.00045607106901462995,35
7,197.98585319519043,0.7851577019226117,3.8725086053212485,0.07978935134465337,0,512,0.2,20,32,7,"{'batch_norm': 0, 'batch_size': 512, 'dropout': 0.2, 'epochs': 20, 'layer_size': 32, 'n_layers': 7}",0.7373833211345749,0.7369980978887016,0.7364423741602021,0.7369412643944929,0.0003862364014377211,42,0.7396540057967276,0.74051117395042,0.7402761963113234,0.7401471253528236,0.0003616432820447433,41,0.9199930826524658,0.9227056256810193,0.9188933528745338,0.9205306870693396,0.0016021069189349761,41
8,80.0519569714864,0.329570430332375,2.688969691594442,0.021251724324246993,0,512,0.2,20,64,2,"{'batch_norm': 0, 'batch_size': 512, 'dropout': 0.2, 'epochs': 20, 'layer_size': 64, 'n_layers': 2}",0.7565805524682154,0.7577315628487392,0.7565116814934962,0.7569412656034835,0.000559531413883452,10,0.7599622447662798,0.7612065096995598,0.7599356871261923,0.7603681471973439,0.0005929109494142503,10,0.9370210738430194,0.9374279665964871,0.9366198440754039,0.9370229615049701,0.0003299173378501515,10
9,108.38806494077046,0.24487510964594525,2.950180768966675,0.01899579774550889,0,512,0.2,20,64,3,"{'batch_norm': 0, 'batch_size': 512, 'dropout': 0.2, 'epochs': 20, 'layer_size': 64, 'n_layers': 3}",0.7549630874605799,0.75662011539174,0.7543565577659003,0.7553132535394068,0.000956690647821964,13,0.7580537740245276,0.7596092965648615,0.7579388446953381,0.7585339717615757,0.00076181570916603,13,0.9352988879976649,0.936187259995443,0.9349328598879794,0.9354730026270291,0.0005266984181485038,13
10,155.73915354410806,0.7301419586333314,3.4706055323282876,0.02088854862840287,0,512,0.2,20,64,5,"{'batch_norm': 0, 'batch_size': 512, 'dropout': 0.2, 'epochs': 20, 'layer_size': 64, 'n_layers': 5}",0.7517643019147533,0.7506291425137689,0.7532948091789294,0.7518960845358172,0.0010922361426138262,20,0.7541899391948845,0.7535772371005041,0.7562595978861049,0.7546755913938311,0.0011476522091610924,20,0.9320921203528807,0.9320555315795882,0.9326296847363572,0.9322591122229421,0.0002624597433980974,21
11,211.575723250707,0.7030270620603088,4.103715737660726,0.07278774217920733,0,512,0.2,20,64,7,"{'batch_norm': 0, 'batch_size': 512, 'dropout': 0.2, 'epochs': 20, 'layer_size': 64, 'n_layers': 7}",0.7481363007942747,0.7489438990118961,0.7477466080521206,0.7482756026194304,0.000498618196926145,27,0.7503720752128078,0.7512728518744791,0.7508809377064807,0.7508419549312558,0.000368772189050913,28,0.9280924251482325,0.9299960995721636,0.9288215233783254,0.9289700160329071,0.0007842328010783701,28
12,89.62295858065288,0.24342639397598928,2.9163428942362466,0.085854513894852,0,512,0.2,20,128,2,"{'batch_norm': 0, 'batch_size': 512, 'dropout': 0.2, 'epochs': 20, 'layer_size': 128, 'n_layers': 2}",0.762607642748064,0.7640659097378159,0.7620463283830247,0.7629066269563015,0.0008511642535322233,2,0.7658241705989808,0.76687490599306,0.7658890857784414,0.766196054123494,0.00048075176598112637,2,0.9403218189093192,0.9406786705650552,0.9398130467951911,0.9402711787565218,0.0003551989550894365,2
13,135.6989937623342,0.7628653229233169,3.303575277328491,0.014355347561191237,0,512,0.2,20,128,3,"{'batch_norm': 0, 'batch_size': 512, 'dropout': 0.2, 'epochs': 20, 'layer_size': 128, 'n_layers': 3}",0.762368185637995,0.7618339786656305,0.7604921091748632,0.761564757826163,0.000789208725742447,4,0.7650362902520879,0.7645890132557847,0.763833311921372,0.7644862051430815,0.0004964650689767503,4,0.9396586891208185,0.9395901155207437,0.9383969053810398,0.9392152366742007,0.000579324413250205,4
14,227.57501220703125,0.34292637589709907,4.327588796615601,0.0063817497846683805,0,512,0.2,20,128,5,"{'batch_norm': 0, 'batch_size': 512, 'dropout': 0.2, 'epochs': 20, 'layer_size': 128, 'n_layers': 5}",0.7581844632998094,0.7595342764070427,0.7576502374250563,0.7584563257106361,0.0007928146480426594,6,0.7611756626056113,0.7619488253596708,0.7608806714812764,0.7613350531488529,0.0004504014401533978,7,0.9376434483653815,0.9383977817191657,0.9369770555346364,0.9376727618730613,0.0005803792921593806,7
15,319.813094774882,0.5934379130708882,5.3789379596710205,0.01531632316019017,0,512,0.2,20,128,7,"{'batch_norm': 0, 'batch_size': 512, 'dropout': 0.2, 'epochs': 20, 'layer_size': 128, 'n_layers': 7}",0.7540956201939151,0.7549845707598957,0.7527481216086169,0.7539427708541426,0.0009194013965856701,16,0.7571790040297786,0.7579243998476567,0.7552554941372691,0.7567862993382347,0.0011244041840919499,16,0.934806445876724,0.9348498821032457,0.9336825436986109,0.934446290559527,0.0005403416370611265,16
16,69.5454596678416,0.21397856290552017,2.577448924382528,0.010272393117235008,0,512,0.4,20,16,2,"{'batch_norm': 0, 'batch_size': 512, 'dropout': 0.4, 'epochs': 20, 'layer_size': 16, 'n_layers': 2}",0.7231378821148129,0.7278535058034726,0.7222691600439157,0.7244201826540672,0.0024534941607564508,47,0.726121329503058,0.7303814699933199,0.7246981283300038,0.7270669759421272,0.0024146467659251734,47,0.9097748920036329,0.9113578537850874,0.9104521078282609,0.9105282845389938,0.0006484824175616567,48
17,93.61598857243855,0.4684575845976073,2.7631491820017495,0.009743223214443363,0,512,0.4,20,16,3,"{'batch_norm': 0, 'batch_size': 512, 'dropout': 0.4, 'epochs': 20, 'layer_size': 16, 'n_layers': 3}",0.5966503112942431,0.7159167408384651,0.6737224001843376,0.6620964841056819,0.04937942721118907,51,0.5629465777807923,0.7208642551937132,0.6743161864747129,0.6527090064830728,0.06625531868092398,51,0.8752613906628447,0.9021485394016165,0.8893834982918525,0.8889311427854379,0.010981291999072721,50
18,140.32546710968018,0.7208160720309942,3.2215610345204673,0.007259063575041304,0,512,0.4,20,16,5,"{'batch_norm': 0, 'batch_size': 512, 'dropout': 0.4, 'epochs': 20, 'layer_size': 16, 'n_layers': 5}",0.5353763994686763,0.42645244947658056,0.23119914337220387,0.39767599743915355,0.12583590882704215,59,0.5027526141848303,0.33135702633205905,0.12930576354424966,0.32113846802037965,0.15263016688238912,59,0.827567600960438,0.7614048373926507,0.6663849166242923,0.7517857849924603,0.06615315089124428,60
19,187.76773889859518,1.0433489796544893,3.6076294581095376,0.06831623558495667,0,512,0.4,20,16,7,"{'batch_norm': 0, 'batch_size': 512, 'dropout': 0.4, 'epochs': 20, 'layer_size': 16, 'n_layers': 7}",0.4494564775407303,0.2992865953111375,0.2986269557634876,0.3491233428717851,0.0709467509965783,60,0.4177516054810678,0.23810196462700595,0.27348078100628365,0.30977811703811914,0.0777029421021896,60,0.807426443810181,0.7640601738673746,0.7651103810437071,0.7788656662404209,0.020200070054668787,59
20,71.0985627969106,0.5079811232453045,2.4829333623250327,0.002159612074798809,0,512,0.4,20,32,2,"{'batch_norm': 0, 'batch_size': 512, 'dropout': 0.4, 'epochs': 20, 'layer_size': 32, 'n_layers': 2}",0.7385444622154752,0.7449950978841836,0.7399484035367523,0.7411626545454704,0.0027698952166382205,35,0.7416891737545743,0.7479191795426923,0.743220939992065,0.7442764310964439,0.0026506337774908355,35,0.9261347509710965,0.927630327390484,0.9255398846464209,0.9264349876693337,0.0008794294638297589,34
21,95.39579892158508,0.3914360062649721,2.7449790636698403,0.018392640907286487,0,512,0.4,20,32,3,"{'batch_norm': 0, 'batch_size': 512, 'dropout': 0.4, 'epochs': 20, 'layer_size': 32, 'n_layers': 3}",0.7356438685425646,0.7379468944983351,0.737029724442356,0.7368734958277519,0.000946674063323443,43,0.7382012454046055,0.7408147638808407,0.7399372326210057,0.739651080635484,0.0010859809468921498,42,0.9226134056041857,0.922529911219567,0.9226963627719644,0.9226132265319057,6.795367968473463e-05,39
22,144.90493249893188,0.3934100083536927,3.2522336641947427,0.07850162987579733,0,512,0.4,20,32,5,"{'batch_norm': 0, 'batch_size': 512, 'dropout': 0.4, 'epochs': 20, 'layer_size': 32, 'n_layers': 5}",0.6460914274354596,0.6860883826632269,0.686585371363511,0.6729217271540658,0.018972971770121413,50,0.6451599630424865,0.6912984846616907,0.6880383388354889,0.6748322621798888,0.021023655561876596,50,0.8545356680672291,0.901602588562589,0.8929173615579604,0.8830185393959263,0.020450163183958817,54
23,196.65645535786948,1.9965643721850188,3.6889760494232178,0.009313820070503935,0,512,0.4,20,32,7,"{'batch_norm': 0, 'batch_size': 512, 'dropout': 0.4, 'epochs': 20, 'layer_size': 32, 'n_layers': 7}",0.2606422872220264,0.216461169369231,0.27192510832094624,0.2496761883040679,0.023933987341835845,62,0.22932395898192487,0.15981315785306252,0.2299815218300137,0.2063728795550004,0.03292378938241286,62,0.7582849232305074,0.7352327703008494,0.7418968704485078,0.7451381879932883,0.009686073963605725,62
24,77.86491068204244,1.2381306718544087,2.598952293395996,0.07390613048806484,0,512,0.4,20,64,2,"{'batch_norm': 0, 'batch_size': 512, 'dropout': 0.4, 'epochs': 20, 'layer_size': 64, 'n_layers': 2}",0.7513802669269068,0.7524363741511659,0.7506110701973949,0.7514759037584892,0.0007482394597005051,21,0.7544544199324399,0.7553610414778665,0.7538553399257713,0.7545569337786926,0.0006189593995843206,21,0.9326011372527339,0.9335859809395842,0.9325872728541349,0.9329247970154843,0.00046756189715247565,20
25,107.96132373809814,1.5766270109601155,2.8373287518819175,0.009223725352244671,0,512,0.4,20,64,3,"{'batch_norm': 0, 'batch_size': 512, 'dropout': 0.4, 'epochs': 20, 'layer_size': 64, 'n_layers': 3}",0.7485429260755239,0.7486231153962581,0.7481487170914414,0.7484382528544078,0.00020733354820572962,26,0.7513807106064379,0.7518204436790273,0.7511584380675853,0.7514531974510167,0.00027508012696054806,25,0.9296358962404921,0.9297964612582923,0.9292068346775746,0.9295463973921197,0.00024889409939063347,26
26,154.65879940986633,0.7392416899999766,3.325913190841675,0.01684709092855909,0,512,0.4,20,64,5,"{'batch_norm': 0, 'batch_size': 512, 'dropout': 0.4, 'epochs': 20, 'layer_size': 64, 'n_layers': 5}",0.7412327071304002,0.7424694916709212,0.7337360447832,0.7391460811948405,0.0038586508420582278,38,0.7439958976746647,0.7458896695966082,0.735184593043349,0.7416900534382073,0.004664572451639229,39,0.9207695559201519,0.924877740338828,0.9206272176713085,0.9220915046434294,0.0019710229251170774,40
27,209.840754032135,0.47621974981604676,3.924850861231486,0.0354235453341171,0,512,0.4,20,64,7,"{'batch_norm': 0, 'batch_size': 512, 'dropout': 0.4, 'epochs': 20, 'layer_size': 64, 'n_layers': 7}",0.3870259426929437,0.2478256744362567,0.2424310879986265,0.2924275683759423,0.06692739702231018,61,0.3774260025558816,0.19368296799692028,0.18832458175541394,0.25314451743607197,0.08790750340923652,61,0.7285062419425948,0.7372186955562989,0.7365536856936361,0.73409287439751,0.0039596638046760935,63
28,89.17954834302266,0.5086702698189091,2.7104736963907876,0.00819677083335229,0,512,0.4,20,128,2,"{'batch_norm': 0, 'batch_size': 512, 'dropout': 0.4, 'epochs': 20, 'layer_size': 128, 'n_layers': 2}",0.757371212737311,0.7588656007012059,0.7561050543750819,0.7574472892711995,0.0011282714608123773,8,0.7603605227118713,0.7622993910062635,0.7597191657556481,0.7607930264912609,0.0010968698571748384,8,0.9374554898736607,0.9380861455912284,0.9361700175335927,0.9372372176661606,0.0007973367129554258,9
29,133.94818862279257,0.2904500131283835,3.1702189445495605,0.0016495073896222285,0,512,0.4,20,128,3,"{'batch_norm': 0, 'batch_size': 512, 'dropout': 0.4, 'epochs': 20, 'layer_size': 128, 'n_layers': 3}",0.7547507387025942,0.7556939091775741,0.7541080634157582,0.7548509037653087,0.0006512815442949374,14,0.7577698959307719,0.7585634410138633,0.757121010795292,0.757818115913309,0.0005898559761494332,14,0.9352794671205746,0.9357812686637708,0.9349871912725263,0.9353493090189572,0.00032792086840036533,14
30,227.71953789393106,0.21524575963764594,4.267077684402466,0.06528223803001887,0,512,0.4,20,128,5,"{'batch_norm': 0, 'batch_size': 512, 'dropout': 0.4, 'epochs': 20, 'layer_size': 128, 'n_layers': 5}",0.7468170276595553,0.7473806436455477,0.7456366651154596,0.7466114454735209,0.000726665124507431,30,0.7493653109754497,0.7500914616764099,0.7484287105954468,0.7492951610824354,0.0006806252247889206,30,0.9283283248103587,0.9280978093889128,0.9274036446476301,0.9279432596156338,0.00039299921556439044,32
31,319.778089205424,1.6152335258732036,5.233246723810832,0.047019098579579074,0,512,0.4,20,128,7,"{'batch_norm': 0, 'batch_size': 512, 'dropout': 0.4, 'epochs': 20, 'layer_size': 128, 'n_layers': 7}",0.7254195017484887,0.719684818802438,0.7182480696507073,0.7211174634005446,0.003098032977190038,48,0.7291592515307956,0.7231009921733949,0.7220817468525973,0.7247806635189292,0.0031239654275975258,48,0.9156557399873222,0.9151508109225469,0.9090083292668396,0.9132716267255696,0.0030216460476947234,47
32,88.66679231325786,0.34299049294847084,2.512105385462443,0.023574811619884492,1,512,0.2,20,16,2,"{'batch_norm': 1, 'batch_size': 512, 'dropout': 0.2, 'epochs': 20, 'layer_size': 16, 'n_layers': 2}",0.7424525829741476,0.7445839526866758,0.7418188882814583,0.7429518079807605,0.001182741024533258,34,0.7453699755148959,0.7478107140224098,0.7449846020521026,0.7460550971964693,0.0012513382186283822,33,0.9282886892224951,0.9279405004572299,0.9278674588919843,0.9280322161905697,0.0001837889725420786,31
33,132.171710729599,0.3374444705730283,2.8534985383351645,0.00686918190817201,1,512,0.2,20,16,3,"{'batch_norm': 1, 'batch_size': 512, 'dropout': 0.2, 'epochs': 20, 'layer_size': 16, 'n_layers': 3}",0.7386122330956835,0.7413987069257635,0.7398896685085369,0.7399668695099946,0.0011388822290297788,36,0.7417723164015996,0.7451641083108905,0.7432274418406737,0.7433879555177212,0.0013893371487565317,36,0.9242517292593602,0.92646310314869,0.9237495471400681,0.9248214598493728,0.0011787822139476647,37
34,221.31642158826193,0.18059112763227567,3.7113136450449624,0.04195571998580945,1,512,0.2,20,16,5,"{'batch_norm': 1, 'batch_size': 512, 'dropout': 0.2, 'epochs': 20, 'layer_size': 16, 'n_layers': 5}",0.6061969692862371,0.7291998933733334,0.6057072375108998,0.6470347000568234,0.058099909373753346,53,0.5735258473669912,0.7323910270928456,0.5701052348349134,0.6253407030982501,0.0757088900461699,54,0.8737709675704615,0.913586896119261,0.8729915492916446,0.8867831376604557,0.018955790212172155,52
35,312.38513310750324,0.4504228344446432,4.466778755187988,0.05632685042433065,1,512,0.2,20,16,7,"{'batch_norm': 1, 'batch_size': 512, 'dropout': 0.2, 'epochs': 20, 'layer_size': 16, 'n_layers': 7}",0.7011213821645116,0.7162510786913836,0.5600972290620919,0.6591565633059956,0.07031733169417478,52,0.7053247038911726,0.7196168778944552,0.5231808248778204,0.6493741355544826,0.08942270518567975,52,0.8900348419066983,0.8965112608954634,0.8635934488947002,0.8833798505656207,0.014238732833174,53
36,91.29958581924438,0.2875957876756981,2.580949862798055,0.008898684387369222,1,512,0.2,20,32,2,"{'batch_norm': 1, 'batch_size': 512, 'dropout': 0.2, 'epochs': 20, 'layer_size': 32, 'n_layers': 2}",0.7514254475137123,0.7522330605919587,0.7525764346030641,0.752078314236245,0.00048246080733300653,18,0.7544107265255138,0.7555865651204533,0.7558667132804411,0.755288001642136,0.0006307823029485469,19,0.9340971658772304,0.9341623455614154,0.9340749287802531,0.9341114800729663,3.709533265223436e-05,17
37,137.53981431325278,0.6956256093539279,2.9365121523539224,0.03742477235657759,1,512,0.2,20,32,3,"{'batch_norm': 1, 'batch_size': 512, 'dropout': 0.2, 'epochs': 20, 'layer_size': 32, 'n_layers': 3}",0.7503772578998256,0.7495402854522372,0.7485553442098557,0.7494909625206395,0.0007446103845237665,23,0.7532676964510319,0.7526768657221924,0.7514952843936227,0.7524799488556156,0.0007368596947267379,23,0.9319322874539637,0.931518306291229,0.9302287850519434,0.9312264595990455,0.0007254244629760575,23
38,230.17396521568298,0.5739284670627557,3.8256681760152182,0.071414342913832,1,512,0.2,20,32,5,"{'batch_norm': 1, 'batch_size': 512, 'dropout': 0.2, 'epochs': 20, 'layer_size': 32, 'n_layers': 5}",0.7452311890626836,0.7435764210488269,0.7431065408231037,0.7439713836448715,0.0009112369339504601,32,0.7480015734127491,0.7460176885438355,0.745261733070715,0.7464269983424332,0.0011553735783663068,32,0.9270803772786703,0.9269263243971405,0.9259959918066782,0.926667564494163,0.0004790201655522509,33
39,324.5550878047943,0.936031850079871,4.655479272206624,0.07199702920294274,1,512,0.2,20,32,7,"{'batch_norm': 1, 'batch_size': 512, 'dropout': 0.2, 'epochs': 20, 'layer_size': 32, 'n_layers': 7}",0.7381513911102677,0.7365191815047915,0.7362435786800884,0.7369713837650491,0.0008419430821313906,41,0.7407567866990917,0.7388317545870373,0.7387685528944281,0.7394523647268523,0.0009227264400434015,43,0.9198856897154197,0.917891995918257,0.9187963521362287,0.9188580125899685,0.0008150890535713861,43
40,99.47467796007793,0.4097349405559556,2.6184561252593994,0.02756453934052358,1,512,0.2,20,64,2,"{'batch_norm': 1, 'batch_size': 512, 'dropout': 0.2, 'epochs': 20, 'layer_size': 64, 'n_layers': 2}",0.7583335592362673,0.7588520464639253,0.7571442125665852,0.7581099394222592,0.0007149258801390052,7,0.7616293180317235,0.7621725999869874,0.7602737655965102,0.7613585612050736,0.0007984881359994704,6,0.9380757645976839,0.9383041314485284,0.9371766957352025,0.9378521972604715,0.00048666524266129465,6
41,153.36224007606506,0.3415974177818887,3.03669540087382,0.09144138199665651,1,512,0.2,20,64,3,"{'batch_norm': 1, 'batch_size': 512, 'dropout': 0.2, 'epochs': 20, 'layer_size': 64, 'n_layers': 3}",0.7563094689473827,0.7568189108718537,0.7560824639796144,0.756403614599617,0.0003079351221152301,12,0.7595215812973104,0.7599229967847225,0.7595579017227334,0.7596674932682554,0.00018127571729460487,12,0.9365530468392235,0.9367847439249948,0.9361979056714385,0.9365118988118857,0.0002413360783563158,11
42,247.7598656018575,0.7541039133072263,3.8481713136037192,0.02698662987038756,1,512,0.2,20,64,5,"{'batch_norm': 1, 'batch_size': 512, 'dropout': 0.2, 'epochs': 20, 'layer_size': 64, 'n_layers': 5}",0.751935988144614,0.753574930082726,0.7525402899703162,0.7526837360658855,0.0006767398593630629,17,0.7543480754139447,0.756863642188696,0.755492986632768,0.7555682347451361,0.001028353298035062,17,0.9333545179214277,0.9334728236180327,0.9330266782851172,0.9332846732748593,0.00018871516545892258,19
43,346.2235333124797,2.1794771519139973,4.803837617238362,0.008832983461349374,1,512,0.2,20,64,7,"{'batch_norm': 1, 'batch_size': 512, 'dropout': 0.2, 'epochs': 20, 'layer_size': 64, 'n_layers': 7}",0.748560998310246,0.7502405877117285,0.7482797413851527,0.7490271091357091,0.0008657074391586082,24,0.7515367204813252,0.7531038100953815,0.7510892514360832,0.7519099273375968,0.0008637415377740675,24,0.9297618338608589,0.9306983882662164,0.9295812146358212,0.9300138122542988,0.000489652300571908,24
44,111.79832553863525,0.6944419458370096,2.773317813873291,0.006143201892157779,1,512,0.2,20,128,2,"{'batch_norm': 1, 'batch_size': 512, 'dropout': 0.2, 'epochs': 20, 'layer_size': 128, 'n_layers': 2}",0.7639630603522278,0.7638580780995152,0.7618656052192849,0.7632289145570094,0.0009649575400299793,1,0.7673102211419862,0.7669882806402046,0.7648249566203387,0.7663744861341765,0.0011035375563350003,1,0.9409173896874006,0.940686056900835,0.940178135803091,0.9405938607971088,0.0003087600659880578,1
45,183.01707688967386,0.6724441601059662,3.427764654159546,0.05595933428472128,1,512,0.2,20,128,3,"{'batch_norm': 1, 'batch_size': 512, 'dropout': 0.2, 'epochs': 20, 'layer_size': 128, 'n_layers': 3}",0.7619977048261903,0.7629318718853493,0.7611969295134481,0.7620421687416625,0.0007089847381003703,3,0.7649802397680292,0.7657314452367585,0.7642577531304947,0.7649898127117608,0.0006016703621058221,3,0.9398678195381768,0.9400897049493592,0.9397171579777239,0.9398915608217533,0.00015301535419262916,3
46,325.7334609031677,0.2804250180723867,4.795669078826904,0.009287966083412098,1,512,0.2,20,128,5,"{'batch_norm': 1, 'batch_size': 512, 'dropout': 0.2, 'epochs': 20, 'layer_size': 128, 'n_layers': 5}",0.7604209023466797,0.7603881933557128,0.7596472283843801,0.7601521080289242,0.0003572534684960944,5,0.7629186914752315,0.7630787400518588,0.7622255273166816,0.7627409862812572,0.0003702947878301054,5,0.9384209719229801,0.9386270170811407,0.9380850291225903,0.9383776727089037,0.00022337390665002577,5
47,470.97828555107117,1.5370633665481794,6.210248947143555,0.021099190119070462,1,512,0.2,20,128,7,"{'batch_norm': 1, 'batch_size': 512, 'dropout': 0.2, 'epochs': 20, 'layer_size': 128, 'n_layers': 7}",0.7568200095782844,0.7579484306452269,0.755757162284883,0.7568418675027981,0.0008947150695087547,11,0.7597167114768688,0.7610001692826249,0.7590473884508133,0.7599214230701024,0.0008102544339386524,11,0.9362670538224848,0.9368820770051123,0.9354179566615285,0.9361890291630418,0.0006002654861169698,12
48,88.86499389012654,0.507696771204215,2.603287696838379,0.08533873558347728,1,512,0.4,20,16,2,"{'batch_norm': 1, 'batch_size': 512, 'dropout': 0.4, 'epochs': 20, 'layer_size': 16, 'n_layers': 2}",0.7293366586245222,0.726344467386246,0.7289830255768458,0.7282213838625381,0.0013350095323840692,45,0.7324882864007937,0.7291582063900829,0.7317845068850037,0.7311436665586267,0.0014330306957324364,45,0.9202735832429342,0.9170558373666949,0.9190457251886608,0.9187917152660967,0.0013258614587214476,44
49,132.89833879470825,0.02487821629066827,2.8531644344329834,0.01474680468452215,1,512,0.4,20,16,3,"{'batch_norm': 1, 'batch_size': 512, 'dropout': 0.4, 'epochs': 20, 'layer_size': 16, 'n_layers': 3}",0.6646199860843792,0.6572268934139961,0.5951033058784727,0.638983395125616,0.03117436050198051,54,0.6647291543789957,0.6551708079438561,0.5769736181336481,0.6322911934855,0.03930959258458756,53,0.8906645729661132,0.8926133008579427,0.8771349184962618,0.8868042641067726,0.0068833891119964245,51
50,221.36009565989175,0.42111312230327563,3.6129630406697593,0.027422153561724682,1,512,0.4,20,16,5,"{'batch_norm': 1, 'batch_size': 512, 'dropout': 0.4, 'epochs': 20, 'layer_size': 16, 'n_layers': 5}",0.528201722283969,0.5166378262617866,0.5302779070450407,0.5250391518635987,0.006000796596634793,57,0.4702010755340191,0.45559428444878847,0.4806332573968432,0.46880953912655027,0.010269366152245803,57,0.8079836795156178,0.8122888307241396,0.823822142393514,0.8146982175444238,0.006686707471840125,58
51,312.0664116541545,0.10540598538607064,4.375095764795939,0.018234184554981936,1,512,0.4,20,16,7,"{'batch_norm': 1, 'batch_size': 512, 'dropout': 0.4, 'epochs': 20, 'layer_size': 16, 'n_layers': 7}",0.2280535299592471,0.2124174885805551,0.30109382694853454,0.2471882818294456,0.0386477881509291,63,0.12441031085017196,0.09150879897807053,0.26242105770831525,0.15944672251218592,0.07404238719670919,63,0.6732146934416414,0.7202832626333053,0.7324131059736739,0.7086370206828736,0.02553219177501445,64
52,91.90035716692607,0.42275096968681564,2.5767826239267984,0.010681523678371361,1,512,0.4,20,32,2,"{'batch_norm': 1, 'batch_size': 512, 'dropout': 0.4, 'epochs': 20, 'layer_size': 32, 'n_layers': 2}",0.7453938391751832,0.7453655803698499,0.742017683761572,0.744259034435535,0.0015849162486339203,31,0.7483643687860572,0.7487869910549757,0.7453624395388088,0.7475045997932805,0.0015245305971402952,31,0.9296921291527388,0.9291513602504864,0.9271089409544262,0.9286508101192172,0.0011123932585228524,29
53,137.51047611236572,0.2860646307417313,2.9573489824930825,0.047502354878811326,1,512,0.4,20,32,3,"{'batch_norm': 1, 'batch_size': 512, 'dropout': 0.4, 'epochs': 20, 'layer_size': 32, 'n_layers': 3}",0.7393441586019319,0.7394875594692161,0.7396863549493298,0.7395060243401592,0.00014030989187584924,37,0.742063251851488,0.742684364859169,0.7431405966726815,0.7426294044611129,0.00044153780506616666,37,0.9231377193687234,0.9239606009876666,0.9235682334750634,0.9235555179438178,0.00033606031527075975,38
54,230.39067006111145,0.5849836542310444,3.698812246322632,0.00625050476421351,1,512,0.4,20,32,5,"{'batch_norm': 1, 'batch_size': 512, 'dropout': 0.4, 'epochs': 20, 'layer_size': 32, 'n_layers': 5}",0.5790615088508769,0.5397749092995622,0.5858276894995323,0.5682213692166571,0.02030346623122479,55,0.5412458422897025,0.5025464235586965,0.5455186837665129,0.529770316538304,0.019329072322891043,55,0.8659552428896008,0.8623628473726498,0.8664720033968731,0.8649300312197079,0.0018274910002361497,55
55,325.1858657201131,0.19175071457466947,4.575464725494385,0.027137684393706167,1,512,0.4,20,32,7,"{'batch_norm': 1, 'batch_size': 512, 'dropout': 0.4, 'epochs': 20, 'layer_size': 32, 'n_layers': 7}",0.2517778560907949,0.23989644562717716,0.22095213998816263,0.23754214723537823,0.012694178035573128,64,0.16259322856909186,0.1920275859335822,0.1092096124845711,0.15461014232908174,0.03427828691739477,64,0.7492384751177154,0.7496511260117269,0.7495739178700983,0.7494878396665136,0.00017912245891460213,61
56,100.92576281229655,0.4422700163989213,2.6267916361490884,0.012142084012399388,1,512,0.4,20,64,2,"{'batch_norm': 1, 'batch_size': 512, 'dropout': 0.4, 'epochs': 20, 'layer_size': 64, 'n_layers': 2}",0.75173719356267,0.7526532419476535,0.7517134814962071,0.7520346390021769,0.000437525442032236,19,0.7552274046483107,0.7557843038839853,0.7551187775377721,0.7553768286900228,0.00029152128287900683,18,0.9339124994730629,0.93438228575117,0.933505774437909,0.9339335198873807,0.00035814281502604794,18
57,155.41059724489847,1.1013550601823279,3.0115250746409097,0.024407953711221925,1,512,0.4,20,64,3,"{'batch_norm': 1, 'batch_size': 512, 'dropout': 0.4, 'epochs': 20, 'layer_size': 64, 'n_layers': 3}",0.747666422691498,0.750208961158074,0.7475116679392589,0.748462350596277,0.0012366550581497,25,0.7501003463057774,0.7536707220139603,0.7503917783650501,0.7513876155615961,0.0016187782359779784,27,0.9300872253850476,0.9298189767629298,0.9288800586224699,0.9295954202568159,0.0005175558145343772,25
58,252.63338239987692,3.5849228056805686,4.041871786117554,0.09418072803404107,1,512,0.4,20,64,5,"{'batch_norm': 1, 'batch_size': 512, 'dropout': 0.4, 'epochs': 20, 'layer_size': 64, 'n_layers': 5}",0.7341845355887482,0.741082441389219,0.7418053340441778,0.7390241036740482,0.0034347933355434036,39,0.7370103097143096,0.743492856971691,0.7445851098783166,0.7416960921881057,0.003343219221729194,38,0.9159429159116182,0.9197637911618821,0.9199131926780229,0.9185399665838411,0.0018374047546881713,45
59,352.46945571899414,3.355637417248298,4.8135058879852295,0.02837830540578484,1,512,0.4,20,64,7,"{'batch_norm': 1, 'batch_size': 512, 'dropout': 0.4, 'epochs': 20, 'layer_size': 64, 'n_layers': 7}",0.4906385824139084,0.4996679211866283,0.46428232572639416,0.484862943108977,0.015012297149433576,58,0.45784685299137856,0.4678060671062013,0.38091591074202646,0.43552294361320215,0.03882647306234467,58,0.8372333905441423,0.8281710705688725,0.8389427648870296,0.8347824086666815,0.004726720762056588,56
60,118.17760515213013,1.7756123828229755,2.9090073108673096,0.05341552880962052,1,512,0.4,20,128,2,"{'batch_norm': 1, 'batch_size': 512, 'dropout': 0.4, 'epochs': 20, 'layer_size': 128, 'n_layers': 2}",0.7576558504341855,0.7582104792326494,0.7562225244315127,0.7573629513661159,0.0008375891876481467,9,0.7609595323983971,0.7613121944664251,0.7596716065011481,0.7606477777886567,0.0007051124829763907,9,0.9376884016037398,0.9382354335182775,0.9367371143074298,0.9375536498098157,0.0006190630818008654,8
61,196.3485681215922,5.741591775407437,3.6316335995992026,0.10443589915824374,1,512,0.4,20,128,3,"{'batch_norm': 1, 'batch_size': 512, 'dropout': 0.4, 'epochs': 20, 'layer_size': 128, 'n_layers': 3}",0.7544118843015533,0.7550161973135502,0.7538279425119616,0.7544186747090217,0.00048512675360828136,15,0.7574639146766118,0.7580946565125479,0.7568464375389209,0.7574683362426935,0.000509592853309119,15,0.9347423360126319,0.935101668876104,0.9346095038635911,0.9348178362507756,0.00020789711294337583,15
62,331.41895214716595,0.3766690611494352,4.907188415527344,0.017903414299047002,1,512,0.4,20,128,5,"{'batch_norm': 1, 'batch_size': 512, 'dropout': 0.4, 'epochs': 20, 'layer_size': 128, 'n_layers': 5}",0.7475715434592064,0.7464634735895687,0.7476472103120637,0.7472274091202795,0.0005410665328572677,29,0.750521844041649,0.7493281395889606,0.7502031533509765,0.7500177123271955,0.0005046608498571307,29,0.9283491337041545,0.9280100700977527,0.9278256230150875,0.9280616089389983,0.00021680721007313403,30
63,486.8972276051839,7.943936494383923,6.400115728378296,0.10424000838337052,1,512,0.4,20,128,7,"{'batch_norm': 1, 'batch_size': 512, 'dropout': 0.4, 'epochs': 20, 'layer_size': 128, 'n_layers': 7}",0.7216695130436354,0.7209453628695224,0.7167028866007328,0.7197725875046302,0.0021906461905426156,49,0.7240332195426704,0.7235611950967925,0.7189047171874997,0.7221663772756542,0.0023143784863863,49,0.9090762334796272,0.9099622051647163,0.9070594357031961,0.9086992914491798,0.0012146553989840832,49
